image_name,username,rating,date,review_text
fake-tiktok-comment-generator.jpg,,,,
image copy 10.png,"“Christmas ts the spirit of givin oe a thought of getting. It is happinesSagm we see joy in people. It is forgetting self ™ and finding time for others, It’s discarding the meaningless and stressing the trug",,,"“Christmas ts the spirit of givin oe a thought of getting. It is happinesSagm we see joy in people. It is forgetting self ™ and finding time for others, It’s discarding the meaningless and stressing the trug"
image copy 11.png,,,,"Y arc , trip was even .-better than we had Wi.expected and the *service was excellent. A x,/ really hope | can go ie the trip again. weelnstant five star forsure! j FITNESS GURU AND TRAVEL FREAK"
image copy 12.png,Update Failed No reason. It's just the fact that today is Tuesday and | didn't feel like doing anything!,,,Update Failed No reason. It's just the fact that today is Tuesday and | didn't feel like doing anything!
image copy 13.png,,,,
image copy 14.png,,,,
image copy 15.png,,,,
image copy 16.png,,,,
image copy 17.png,"|can just say, — WOW! That was” a fascinating experience! | Definitely highly recommend.",,,"|can just say, — WOW! That was” a fascinating experience! | Definitely highly recommend."
image copy 2.png,,,,
image copy 3.png,,,,
image copy 4.png,,,,
image copy 5.png,Ask your agent questions Cc (*) Sleep Find your on a decision dream home,,,Ask your agent questions Cc (*) Sleep Find your on a decision dream home
image copy 6.png,"“ - a NM very friendly staff and of : =cofte ‘and desserts Hight etommen . Blac cee visitors. Our cellent fodd,' 7",,,"“ - a NM very friendly staff and of : =cofte ‘and desserts Hight etommen . Blac cee visitors. Our cellent fodd,' 7"
image copy 7.png,"The event was a huge and great success. We all learned a lot from great motivators. , | will definitely © recommend this to everyone",,,"The event was a huge and great success. We all learned a lot from great motivators. , | will definitely © recommend this to everyone"
image copy 8.png,,,,
image copy 9.png,"“Christmas ts the spirit of givin oe a thought of getting. It is happinesSagm we see joy in people. It is forgetting self ™ and finding time for others, It’s discarding the meaningless and stressing the trug",,,"“Christmas ts the spirit of givin oe a thought of getting. It is happinesSagm we see joy in people. It is forgetting self ™ and finding time for others, It’s discarding the meaningless and stressing the trug"
image copy.png,,,,
image.png,,,,
licensed-image.jpg,,,,
unnamed (1).jpg,,,,
unnamed.jpg,,,,
WhatsApp Image 2025-12-08 at 18.01.50_08ad1a6a.jpg,,5.0,,"5:58 @ mag wor APM 7%, ! © Varitad Parctrrse: Det, 20273 Pelee Be wooderti Review for: BEE Year 2024 « Capacity-183 L - Color Midnight Blossom Blue » Star Rating 5 - With Base Drawer Yes"" Fabulous Deepesh Jif, Sarvastipur District | © Verified Purchase May, 2024 SRRRANEBE? sritiont Review for: BEE Year 2024 » Capacity 183 L + Color Himalaya Poppy Biwe « Star Rating S > With Base Drawer Yes Good product fF Nandwan..., Jamnagar: : @ Verified Purchase - Mar, 2024 Review for: BEE Year-2024 +» Capacity 183 L - Color Camella Blué"
WhatsApp Image 2025-12-08 at 18.01.50_a9b1b7e0.jpg,,5.0,,"5:58 @ may a so* APM 79, € AllReviews ' ead menos ane . A — ein 6321 reviews Qe! 1,674 User reviews sorted by ER ee) RUE: super Review for. BEE Year 2024 - Capacity 183 L + Color Camellia Purple « Star Rating 4, With Base Drawer ¥es Nice’ product... value for money For small family,that's ok Go far it guy's shiventt..., Affahabads @ Verified Purchase: Dec, 2023"
WhatsApp Image 2025-12-08 at 18.01.51_82382034.jpg,,1.0,,"Rohit'Bhartl, Begusaral (Cron) (6) ! O Verified Purchaee:: Jt, 2023 F 1 hint. Mind-blowing purchase Review for. BEE Year 2024 » Capacity 183 L:+ Color Cameilia Blue * Stat Rating'’4- With Base Drawer Yes, Very good produ Thankyou Fiipka And very valuable: Bit tu, Kolkata -f) Helpful for 24, H @ Verified Purctiase - Mar, 2024 BOWGIERE, Greet product Review for. BEE Year 2024- Capacity 183 L-- olor Camelia Purple + Star Rating 42 With Base Drawer Yes Nice product gf = r= Pallavi Tiwari, Chhatarpus (1 Helpful for 1a) i"
WhatsApp Image 2025-12-08 at 18.01.51_bfe357a3.jpg,,5.0,,"5:58 @ mag eso"" M7 Paliawl Fiwar, Chheterper nimiws) () | @ Verified Purchase - Apr,.2023 - 4 PRD E: Must buy! Review for. BEE Year 2024 Capacity 183 L + Color Camellia Blue * Star Rating 4° With Base Drawer Yes Wow supertridge very nice product thank you for Flipkart delivery also fast price also nice thank you so much Flipkart Saha Aktar, Penhd De Franca @nmiess) @w) | '@ Verified Purctrase.: May, 2023 a. . shindite de; Worst experience ever! Review for. BEE Year 2024 * Capacity 183 L « Color Cameilla Blue * Star Rating 4» With Base Drawer Yes In two days no cooling happening rename) (©) Creoenes) Verified Purchase: Mar, 2024 Review for: BEE Year 2024 + Capacity 183 L« Color Camellia Purpis Star Rating 4-With Base Drawer Yes Looking very beautifull but instalation late but product good best quality Samsung’s"
WhatsApp Image 2025-12-08 at 18.01.53_aa476986.jpg,,5.0,,"5:58 @ may eso"" APM 7%, Review for, BEE Year 2024 + Capacity 183 L + Color Camettia Blue + Star Rating 4- With Base Drawer Yes My mom Is very happy 3 . Moinu.., North Twenty Fou... <r @ Verified Purchase - May, 2023 > Great product Review for: BEE Year 2024 ‘Capacity 163 L + Color Midnight Blossom Blue - Star Rating 5 With Base Drawer Yes Nice product. It's been 16 days since | bought it 16 days I'm posting a comment.so far | don't see.any kind of problem or if there Js any problem | will comment Rajesh P, Gandhigratn’ (Crna) (OB ! © Verified Purchaes:: May, 2024 a 7 Review for. BEE Year 2024 » Capacity 183 L:+ Color Cameilla Blue * Stat Rating’4- With Base Drawer Yes, Excellent"
WhatsApp Image 2025-12-08 at 18.01.54_6bc99c1c.jpg,,5.0,,"5:58 @ ma a s0* APM 79, good best quality Samsung’s Kaitfpil..., Parlakhemundi : @ Verified Purchase: Jun, 2023 RRM classy product Review for. BEE Year: 2024. Gapacity 183, L’* Color Camelia Blue « Star Rating 4~ With Base Drawer Yes Great product as compared to other brand in the same price segment. 20 Years warranty on compressor other brands providing 10 years and the brand Ike Samsung Is still the best in our mind. All good b... age ——— = i Jaykisha..., Khamgaon Gnnaiss) Ga) ! ‘@ Vertfigd Purchase. Apt, 2023 y WRB + BH: Go0d choice Review for. BEE Year 2024 “Capacity 183 L * Calor Himalaya Poppy Red « Star Rating 5 > With Base Drawer Yés Product.is. good and performance and cooling-also good but over heat 7"
WhatsApp Image 2025-12-08 at 18.01.55_3bec0952.jpg,,5.0,,"5:58 @ mae a s0* YS 7%, Puppy meu > Ou mauiy ¥* Wil Dass Wawel TED Product Is-good and performance and cooling-also good but over heat Pe ~? VENKATESH..., Coimbatore (© umn) ! @ Verified Purchase - ‘Apt, 2024 EIRENE: Fabuicus! Review for: BEE Year 2024 « Capacity 183 L-- Color Camellla Blué + Star Rating 4° With Base Drawer Yes Actually the products performance is very stent and But glass quality used inside is very thin‘and the vegetable basket sometimes bends a lot. You'can take a S’star product like Godrej or Hale... ro Ftipka..., Bangaior @ Verified Purchase’: May, 2023: RARE ATE Worth the money Review for: 8EEYear 2024 + Capacity 183 L = Color Camelia Purple + Star Rating 4. With @ase Drawer ¥es Product fs nice and no noise, value for money"
WhatsApp Image 2025-12-08 at 18.01.55_790fe36f.jpg,,5.0,,"5:58 @ mMaK a s0* Mo 7%, ——— @ Verified Purchase. Dec;2023 AibtaER: A00s0me Review for: BEE Year 2024 «Capacity 163 L - Color Cameailia Blue + Star Rating 4° With Base Drawer Yes -Awesame a Very,good qua Best colling all Items.child Fast delivery Fast instalim Over all don Ram praves..., Sanand ! @ Verified Purchase- Oct,'2023 - 4 SESE: Wonderful Review for: BEE Year 2024 + Capacity 183 L:* Color Cameiia Blue ‘« Star Rating 4- With Base Drawer Yes, gaod Sodh...,,Sanali © Verified Purctiase- Nov, 2023"
WhatsApp Image 2025-12-08 at 18.01.56_09a8048b.jpg,,5.0,,"5:58 @ ma a s0* M7, @ Veriied Purctrase : Mar, 2024 Ofaligd sx She Decent product: Review for: BEE Year 2024 + Capacity-183 L + Color Camellia Blue + Star Rating 4 With Basa Drawer Yes"" Good product ! © Verified Purchase - Apr, 2023 *EERREAEE: vins-biowing purchase Review for: BEE Year:2024 + Capacity 183 L + Colter Himalaya Poppy Bive « Star Rating 5 * With Base Drawer Yes ‘Very love it and it's performance is awesome. Buy all oy ae Reen..., Yamunanagar @ Verified Purchase - Apt, 2024 SRR SE: simpty awesome Review for: BEE Year:2024 *‘Capacity 183 L » Color Camellia Purple « Star Rating 4 With Base Drawer Yes best cooling"
WhatsApp Image 2025-12-08 at 18.01.56_d785eace.jpg,,4.0,,"Review for: BEE Year 2024.+.Capecity 183 L + Color Camellia Purple « Star Rating 4+ With Base Drawer Yes Nice quality Muntyappa we, Malur ! ‘@ Verified Purchase “May, 2023 MRAM BIE- Awesome Review for, BEE Year 2024 * Capacity 183 L « Color Cametfe Blue + Star Rating 4» With Base Drewer-Yés Excellent Jangeshwa.., Devarkadra @ Verified Purchase- Apr, 2023: hea. Best In.the market! Raview for: BEE-Year 2024 - Capacity 183 L + Color Camellia Purple + Star Rating 4° With Basé Drawer Yes Good Product"
WhatsApp Image 2025-12-08 at 18.01.56_e4654cb6.jpg,,5.0,,"5:58 @ Mag eso P79, | @ Verified Purchasa- Nov, 2023 Review for: BEE Year 2024 «Capacity 183 L + Color Camelila Blue » Star Rating 4+ With Base Drawer Yes Cooling is excellent nd the colour Is so beautiful.gud space Prince Gupta, Ghaziabad @ Verified Purchase- Mar, 2024 RAINE + GRAB Decent product, Review for. 8EEYear 2024 + Gapacity 183 L » Color Camelia Blve + Star Rating 4» With Base Drawer Yes Good product Saurab..., Shahjahanpu... ‘Cr Helpful fora"" i @ Verified Purchase -‘Apt, 2023 SERGE: Mind-biowing purchase Review fer: BEE Year 2024 + Capacity 183 L- Coler Himalaya"
WhatsApp Image 2025-12-08 at 18.01.57_a143ce9c.jpg,,,,
WhatsApp Image 2025-12-08 at 18.01.57_d75fc0f2.jpg,,5.0,,"5:58 @ mag sor P79, © Verified Purchase: Apr, 2024 2 - Ciba. Simply awesome. Raview for. BEE Year 2024 : Capacity 183 L - Color Cameiiia Blue + Star Rating 4, With Base Drawer Yes Refrigerator-Is very goodndl, Bitu Manihi, DeogHar District ! © Verified Purctrase - Jun, 2023 bali x Sih Just okay Review for: BEE Year 2024 + Capacity-183 L + Color Camellia” Purple - Star Rating 4 With Base Drawer Yes"" Ovar all good but both side ovar hiting Musara..., Murshidabad District @ Verified Purchase - May, 2024 Review for: BEEYear 2024 + Capacity 183 L + Color Camellia Purple + Star Rating 4° With Basé Drawer Yes Excellent product 4"
WhatsApp Image 2025-12-08 at 18.01.57_f5fb5b0e.jpg,"et © Gated Sveys age Meesho,User Deed * peated taysene",,,"et © Gated Sveys age Meesho,User Deed * peated taysene"
WhatsApp Image 2025-12-08 at 18.15.42_e51a8de4.jpg,,5.0,,"5:58 @ may a so* APM 79, € AllReviews ' ead menos ane . A — ein 6321 reviews Qe! 1,674 User reviews sorted by ER ee) RUE: super Review for. BEE Year 2024 - Capacity 183 L + Color Camellia Purple « Star Rating 4, With Base Drawer ¥es Nice’ product... value for money For small family,that's ok Go far it guy's shiventt..., Affahabads @ Verified Purchase: Dec, 2023"
WhatsApp Image 2025-12-08 at 18.15.47_4d4d4078.jpg,eat,,,eat
WhatsApp Image 2025-12-08 at 18.15.48_362c5d4f.jpg,,5.0,,"oS: + - btn ad Ove 'B.O + Ferric suchen, ‘Review tor: Color Awesome Lilac « RAM 8 GB + Storege 128 GE” WEE =0 = =~ Review for Qoior Awesome iceblue « RAM 6 G8 + Storage 266 GB Dispiay:it looks awesome, check my images. Camera: excelent picture and details captured ideo: Front camera’dk awesome. Battery: the normal user two days end heavy using user one days. © Vetind Pachans- Oxy, 2004 5.0 + Ferrite Review tor Color Awesome loebiue - RAM 6 Ga - Storage 128 GB Nica and affordable"
WhatsApp Image 2025-12-08 at 18.15.48_7cb87184.jpg,,,,
WhatsApp Image 2025-12-08 at 18.15.49_40f1faea.jpg,,5.0,,"- + h- hte ad Ove €& AllReviews PEE en) Cee) Commer) ( wae. S —— ._ joleaica} - 5.0 * necneene Raview for: Color Awesome Liec » RAM 8 GB - Storege 256 GB The camera bs Fantastic , Review for: Color Awesome icatlue + RAM 8 GB + Storage 128 GB Good phone from Sameung -— re ere"
WhatsApp Image 2025-12-08 at 18.15.49_c1ddc2ff.jpg,,4.0,,“UNE + HE aaa tMom 4.0 + 0d walt proaxt “Review for: Color Awesome loeblue « RAM 6 GB - Storage 124 GB Simple ok Raview for: Color Awesome LDec + RAM 8 GB - Storage 128 GB’ Nice mobile good quality camer and profomence Sem — ee © Vetta Peninee :@ pumate gn Belle 10 wee Review for: Color Awerome Lec - RAM 8 GB Storage 256 GB Best [EF phone
WhatsApp Image 2025-12-08 at 18.15.50_15ccb603.jpg,,2.0,,"for. Color Awesome Lec + RAM 8 08 - Siorage 288 G8"" tafled with the Brand New A3S Sabhcpt Gaba, Metta ! csmanestsihancnilaind Review for, Color Aiseoma inshfus - RAM 6 GB - Storage 258 G8 Looks and Fetures are Exillent. Sut'a litte bit Heat Issues while Charging and while using sfter 20/30 minutes. Hope Samsung ‘will solve this after Software updation. 8cz My last Cell phone Is. Galaxy... nore Faptar.., Kayegaeh e Velie’ Pvbese - 9 mane ege MNS 2 rnc Review for: Color Awesome Lec - RAM 8 GB - Storege 128 G8 Love thia phone’ 5 epee a © Vetted Peni : 00s, 2004"
WhatsApp Image 2025-12-08 at 18.15.50_1c2d86dd.jpg,,,,"+: aha MOm Camera ts Awesome Design Is Best in This Sectian “Review for, Color Awesome loablue « RAM 6 GB - Storage 126 GB Product Is best, Love the Camera quellty Heating problem with kettary,tt could be batter if samsung offer ‘BoCOmah over all best phone ih this segment 6 (Vatied Prchene - Danae age Rewtew for. Color Awesome icebiue « RAM 6 G8 » Storege 128 GB Display : The device has amazing diaplay, Software: The one UI Is 90 nice to ues: Battery : ‘the Device heats only.during the initial setup days. After that there fs no haating. The battery backup is d.. more ‘natn... wamgnen Creal Roviewsr . aE: P hano-toraing purchaa Raview for: Color Awasoms iceblue « RAM & GG + Storage 128 GB a"
WhatsApp Image 2025-12-08 at 18.15.51_6aa9493a.jpg,,,,
WhatsApp Image 2025-12-08 at 18.15.51_6f2dae3f.jpg,,,,"~UNE + ahi Ana 'MOm tor. Color Awesome icablue + RAM 6 G8 + Storage 286 GB ellis. 0'- wm reac Review for: Color Awesome iceblive « RAM 8 GB - Storage 128 GB Good product Fiptar.. Trmnged © Vatind Parhee- by, A BRR 40> wom ene Reviow for: Color Awesome icebiue + RAM 8 GB + Storage 178 GB Overall good. 9 eee ia eae"
WhatsApp Image 2025-12-08 at 18.15.52_05fa59ac.jpg,,,,
WhatsApp Image 2025-12-08 at 18.15.52_ae7ef6a0 - Copy.jpg,SRS hae),,,SRS hae)
WhatsApp Image 2025-12-08 at 18.15.52_ae7ef6a0.jpg,SRS hae),,,SRS hae)
WhatsApp Image 2025-12-08 at 18.15.53_e0de8fdb.jpg,eens RYE Meh : 86 get al sift tie Ae ra ncndtit Sati tt dat,,,eens RYE Meh : 86 get al sift tie Ae ra ncndtit Sati tt dat
WhatsApp Image 2025-12-08 at 18.15.54_bd22910c.jpg,,,,
WhatsApp Image 2025-12-08 at 18.15.54_e0a304b7.jpg,,1.0,,"Rohit'Bhartl, Begusaral (Cron) (6) ! O Verified Purchaee:: Jt, 2023 F 1 hint. Mind-blowing purchase Review for. BEE Year 2024 » Capacity 183 L:+ Color Cameilia Blue * Stat Rating'’4- With Base Drawer Yes, Very good produ Thankyou Fiipka And very valuable: Bit tu, Kolkata -f) Helpful for 24, H @ Verified Purctiase - Mar, 2024 BOWGIERE, Greet product Review for. BEE Year 2024- Capacity 183 L-- olor Camelia Purple + Star Rating 42 With Base Drawer Yes Nice product gf = r= Pallavi Tiwari, Chhatarpus (1 Helpful for 1a) i"
WhatsApp Image 2025-12-08 at 18.39.52_233a440b.jpg,,,,
WhatsApp Image 2025-12-08 at 18.39.53_e06b7845.jpg,MIRAGE STEAL ‘ TUNE,,,MIRAGE STEAL ‘ TUNE
WhatsApp Image 2025-12-08 at 18.39.54_bcec220e.jpg,ue,,,ue
WhatsApp Image 2025-12-08 at 18.39.54_db4914c9.jpg,. * att aly LOE reece fared Stes Tle,,,. * att aly LOE reece fared Stes Tle
WhatsApp Image 2025-12-08 at 18.39.55_9b86ef76.jpg,,,,
WhatsApp Image 2025-12-08 at 18.40.02_05803578.jpg,,,,
WhatsApp Image 2025-12-08 at 18.40.03_52fff006.jpg,Ae IN,,,Ae IN
WhatsApp Image 2025-12-08 at 18.40.03_9a02753d.jpg,>,,,>
WhatsApp Image 2025-12-08 at 18.40.03_aee6fcb7.jpg,Ee ieee ay,,,Ee ieee ay
WhatsApp Image 2025-12-08 at 18.40.04_087c7e5d.jpg,au,,,au
WhatsApp Image 2025-12-08 at 18.40.04_d539e653.jpg,,,,
WhatsApp Image 2025-12-08 at 18.40.04_f8542522.jpg,,4.0,,wes roel cATosediondo ed 4 T '
WhatsApp Image 2025-12-08 at 18.40.05_7d01486c.jpg,,,,
WhatsApp Image 2025-12-08 at 18.40.06_8b703aba.jpg,Bata ope fay,,,Bata ope fay
WhatsApp Image 2025-12-08 at 18.40.06_8fba8757.jpg,ein me,,,ein me
WhatsApp Image 2025-12-08 at 18.40.06_de55ce34.jpg,,,,
WhatsApp Image 2025-12-08 at 18.40.07_518bee13.jpg,exer pecsclte,,,exer pecsclte
WhatsApp Image 2025-12-08 at 18.40.07_66b9b6eb.jpg,n SUES,,,n SUES
WhatsApp Image 2025-12-08 at 18.40.07_f2da2d4e.jpg,,,,
WhatsApp Image 2025-12-08 at 18.40.08_74251169.jpg,,,,
WhatsApp Image 2025-12-08 at 18.40.08_abbc9bfd.jpg,bivae ier deg TSMR PR,,,bivae ier deg TSMR PR
WhatsApp Image 2025-12-08 at 18.40.09_4dde8503.jpg,“7,,,“7
WhatsApp Image 2025-12-08 at 18.40.09_9aa56423.jpg,,3.0,,3 3 RTM Tait RTM Tait
WhatsApp Image 2025-12-08 at 18.40.09_aa2c23ea.jpg,Maewliatacss,,,Maewliatacss
WhatsApp Image 2025-12-08 at 18.40.10_66655e8c.jpg,ee,,,ee
WhatsApp Image 2025-12-08 at 18.40.10_f0bd2258.jpg,ga i,,,ga i
WhatsApp Image 2025-12-08 at 18.40.10_f672f6ec.jpg,er Eo segianeny fine,,,er Eo segianeny fine
WhatsApp Image 2025-12-08 at 18.40.11_d0d5505a.jpg,PETER Het ety Tinta,,,PETER Het ety Tinta
WhatsApp Image 2025-12-08 at 18.40.11_d9a80a52.jpg,,,,
WhatsApp Image 2025-12-08 at 18.40.12_9316e2c8.jpg,,,,
WhatsApp Image 2025-12-08 at 18.40.12_9a76590b.jpg,"ERE, ences ARE AAl at",,,"ERE, ences ARE AAl at"
WhatsApp Image 2025-12-08 at 18.40.12_e7703400.jpg,"Rb KOA, ECOSDED ETE Ss",,,"Rb KOA, ECOSDED ETE Ss"
WhatsApp Image 2025-12-08 at 18.40.13_2263a1be.jpg,nT eh,,,nT eh
WhatsApp Image 2025-12-08 at 18.40.13_3dfcd042.jpg,~ es. ean,,,~ es. ean
WhatsApp Image 2025-12-08 at 18.40.13_5b973271.jpg,wayne pes mu preene: Me SACs che nbn erie,,,wayne pes mu preene: Me SACs che nbn erie
WhatsApp Image 2025-12-08 at 18.40.14_01d83c32.jpg,"~+. a ee SBE dint SRS, US",,,"~+. a ee SBE dint SRS, US"
WhatsApp Image 2025-12-08 at 18.40.14_6e73218f.jpg,> Bad ne wm Sabeds seg a a ‘,,,> Bad ne wm Sabeds seg a a ‘
WhatsApp Image 2025-12-08 at 18.40.14_b9e369cc.jpg,— earl dcit rwcar he CDE,,,— earl dcit rwcar he CDE
WhatsApp Image 2025-12-08 at 18.40.15_4a0034ed.jpg,aiererer isl SOTTO : if Seo ey a bhai me shed cis,,,aiererer isl SOTTO : if Seo ey a bhai me shed cis
WhatsApp Image 2025-12-08 at 18.40.15_73da1f4a.jpg,,,,
WhatsApp Image 2025-12-08 at 18.40.15_e8df921e.jpg,nn bo eh cari) wy,,,nn bo eh cari) wy
WhatsApp Image 2025-12-08 at 18.40.16_4b04659e.jpg,,1.0,,: ete ye x o 7 a 0 . ‘ 1 : rt SBE dint
WhatsApp Image 2025-12-08 at 18.40.16_dbcfc946.jpg,"} , : Ronimnanitiy on a bahar Sher a",,,"} , : Ronimnanitiy on a bahar Sher a"
WhatsApp Image 2025-12-08 at 18.40.16_ed628868.jpg,o iN wy ‘ at,,,o iN wy ‘ at
WhatsApp Image 2025-12-08 at 18.40.17_4f21a299.jpg,"‘ S Rte SOAR, ECOSDED TES ars t ve” DETREI",,,"‘ S Rte SOAR, ECOSDED TES ars t ve” DETREI"
WhatsApp Image 2025-12-08 at 18.40.17_9e92b4da.jpg,\ Sra EEE.,,,\ Sra EEE.
WhatsApp Image 2025-12-08 at 18.40.17_b79e0bdc.jpg,e a,,,e a
WhatsApp Image 2025-12-08 at 18.40.18_335288db.jpg,"7 : N Rte SOAR, ECOSDED TES",,,"7 : N Rte SOAR, ECOSDED TES"
WhatsApp Image 2025-12-08 at 18.40.18_49b03dae.jpg,,,,
WhatsApp Image 2025-12-08 at 18.40.18_a9296205.jpg,"a hod ’ TS SBE dint me + —— im fn, EERE",,,"a hod ’ TS SBE dint me + —— im fn, EERE"
WhatsApp Image 2025-12-08 at 18.40.19_66730515.jpg,STE EEE OBE,,,STE EEE OBE
WhatsApp Image 2025-12-08 at 18.40.19_aeeefebb.jpg,COTE.,,,COTE.
WhatsApp Image 2025-12-08 at 18.40.20_8584b407.jpg,noe GPa i ass: WHR A Oon,,,noe GPa i ass: WHR A Oon
WhatsApp Image 2025-12-08 at 18.40.20_b12851d0.jpg,,,,
WhatsApp Image 2025-12-08 at 18.40.21_2957522f.jpg,woe Gat ass: WHR AM Oon,,,woe Gat ass: WHR AM Oon
WhatsApp Image 2025-12-08 at 18.40.21_56a1dd45.jpg,g ee ps . x ST Teen tS SE nee i RELATE,,,g ee ps . x ST Teen tS SE nee i RELATE
WhatsApp Image 2025-12-08 at 18.40.21_789b0f56.jpg,noe Dn iass- ARAM On > Plan a in the teen f cere rsturen as,,,noe Dn iass- ARAM On > Plan a in the teen f cere rsturen as
WhatsApp Image 2025-12-08 at 18.40.22_45b9a842.jpg,meyer debe Pao SVE Se a,,,meyer debe Pao SVE Se a
WhatsApp Image 2025-12-08 at 18.40.22_db7a879e.jpg,,2.0,,"6 97 ® eens Peo ae a : soe SS SS SVVOUE TET ET KKEKK ekOOCO oa F 8 econ neteen op i wo 06 & F @ Oar = ‘We are Kener ncge 2 coisa o 97 8 cy ‘ere Deby moby Chat acter puyyu Iniond loverny ooh RUN OR Ope QALY lel pire, Sn rumen Ree PE IMETTY Mate Bee, te mand out eak... Mend REN CUnINCHADAEE pole OA, oS F @ Ore Rage net monn nen Vaseneg een oP Une. mana manson Dernarpararn 90 Oo CONE 6& 97 @ ae Aida comment"
WhatsApp Image 2025-12-08 at 18.49.54_0a484214.jpg,rt SBE dint,,,rt SBE dint
WhatsApp Image 2025-12-08 at 19.41.04_0ee7f8fc.jpg,Urs,,,Urs
WhatsApp Image 2025-12-08 at 19.41.05_5ed2b2ff.jpg,woo @Dapias: AR Oem < ieeheras re erestiere sik oulid POM STEM SEE a viet,,,woo @Dapias: AR Oem < ieeheras re erestiere sik oulid POM STEM SEE a viet
WhatsApp Image 2025-12-08 at 19.41.05_99053ff9.jpg,,,,
WhatsApp Image 2025-12-08 at 19.41.05_b5adac52.jpg,,,,r ion aed wee ar 268 seem
WhatsApp Image 2025-12-08 at 19.41.05_b8f85e9e.jpg,,,,
WhatsApp Image 2025-12-08 at 19.41.06_7061e345.jpg,BHR UOEY,,,BHR UOEY
WhatsApp Image 2025-12-08 at 19.41.06_7cf027d9.jpg,RHA UOEY,,,RHA UOEY
WhatsApp Image 2025-12-08 at 19.41.06_f0009f81.jpg,RHR SU OEY & cab oh hi od,,,RHR SU OEY & cab oh hi od
WhatsApp Image 2025-12-08 at 19.41.07_48a15a2e.jpg,RHR UOGY,,,RHR UOGY
WhatsApp Image 2025-12-08 at 19.41.07_5b3d843f.jpg,wor @Daait os: RHR OE,,,wor @Daait os: RHR OE
WhatsApp Image 2025-12-08 at 19.41.07_f6542cbf.jpg,RHR UOGY,,,RHR UOGY
WhatsApp Image 2025-12-08 at 19.41.08_2fc50a05.jpg,weit TBS: RHR SUOEY,,,weit TBS: RHR SUOEY
WhatsApp Image 2025-12-08 at 19.41.08_391d0fa3.jpg,wBe-,,,wBe-
WhatsApp Image 2025-12-08 at 19.41.08_5799b855.jpg,wBe-,,,wBe-
WhatsApp Image 2025-12-08 at 19.41.08_57ad1183.jpg,weit TBS: RHR SUOEY,,,weit TBS: RHR SUOEY
WhatsApp Image 2025-12-08 at 19.41.08_7ef497a8.jpg,weit TBS: RHR SUOEY,,,weit TBS: RHR SUOEY
WhatsApp Image 2025-12-08 at 19.41.08_b7700b92.jpg,RHR SUOEY,,,RHR SUOEY
WhatsApp Image 2025-12-08 at 19.41.09_152a3601.jpg,wot @Doat os: BAWE MOE.,,,wot @Doat os: BAWE MOE.
WhatsApp Image 2025-12-08 at 19.41.09_da59fbb0.jpg,ae Oo.,,,ae Oo.
WhatsApp Image 2025-12-08 at 19.41.10_629f256a.jpg,ana Bra a,,,ana Bra a
WhatsApp Image 2025-12-08 at 19.41.10_8e80350d.jpg,ae Oo.,,,ae Oo.
WhatsApp Image 2025-12-08 at 19.41.10_f40e53a3.jpg,,,,oe @Dapiae: 2a Sd Oon i i ae bso)
WhatsApp Image 2025-12-08 at 19.41.11_335d853c.jpg,cote vneretnc ae ; a ] i,,,cote vneretnc ae ; a ] i
WhatsApp Image 2025-12-08 at 19.41.11_8caf4299.jpg,wes @Daer oe: ARE MOES,,,wes @Daer oe: ARE MOES
WhatsApp Image 2025-12-08 at 19.41.11_ad6c84d0.jpg,wcs @Doar oe: BAA MOE [hn ae,,,wcs @Doar oe: BAA MOE [hn ae
WhatsApp Image 2025-12-08 at 19.41.12_375d9756.jpg,ARR MOS,,,ARR MOS
WhatsApp Image 2025-12-08 at 19.41.12_6def9fb3.jpg,won @Dwait ne: ARR ‘Oe 08 eee Piao,,,won @Dwait ne: ARR ‘Oe 08 eee Piao
WhatsApp Image 2025-12-08 at 19.41.12_6ffaa407.jpg,we @Daapas- WHR SOs vist D Se EEE,,,we @Daapas- WHR SOs vist D Se EEE
WhatsApp Image 2025-12-08 at 19.41.13_62d6242e.jpg,- @crears- WH Ad ore,,,- @crears- WH Ad ore
WhatsApp Image 2025-12-08 at 19.41.13_86d57a52.jpg,"Qy foa EE BOR EES, EAL a REA",,,"Qy foa EE BOR EES, EAL a REA"
WhatsApp Image 2025-12-08 at 19.41.14_2d6ea1d6.jpg,,1.0,,1 @Dreais: WR Ad ore
WhatsApp Image 2025-12-08 at 19.41.14_377ca5b3.jpg,cs @Doar as: BARROS,,,cs @Doar as: BARROS
WhatsApp Image 2025-12-08 at 19.41.14_fb75a43f.jpg,wor @Doaias- ARE WOE deat Co peas bneys,,,wor @Doaias- ARE WOE deat Co peas bneys
WhatsApp Image 2025-12-08 at 19.41.15_0f40ae7d.jpg,ARE UOE® won @ar ns: Her dite,,,ARE UOE® won @ar ns: Her dite
WhatsApp Image 2025-12-08 at 19.41.15_2f95a53e.jpg,wc @Daanes: BR Oem oo. ESP ES,,,wc @Daanes: BR Oem oo. ESP ES
WhatsApp Image 2025-12-08 at 19.41.15_546c038a.jpg,AHA UOEY,,,AHA UOEY
WhatsApp Image 2025-12-08 at 19.41.16_02abe5ef.jpg,,3.0,,eos @enrae- Leroy oe. bh’ a aa Prasat 3 ae)
WhatsApp Image 2025-12-08 at 19.41.16_f090cde6.jpg,WAR Or,,,WAR Or
WhatsApp Image 2025-12-08 at 19.41.17_78d4b2fd.jpg,won @Dwait ne: ARR ‘Oe,,,won @Dwait ne: ARR ‘Oe
WhatsApp Image 2025-12-08 at 19.41.17_8e160a7d.jpg,RHA UOEY,,,RHA UOEY
WhatsApp Image 2025-12-08 at 19.41.17_de3598bc.jpg,RHA UOEY,,,RHA UOEY
WhatsApp Image 2025-12-08 at 19.41.18_28a09f47.jpg,RHR UOGY,,,RHR UOGY
WhatsApp Image 2025-12-08 at 19.41.18_d35b8437.jpg,,3.0,,3 Pa TRE
